action,gbifID,datasetKey,license,occurrenceID,basisOfRecord,dateIdentified,decimalLatitude,decimalLongitude,country,countryCode,eventDate,year,kingdom,family,identifiedBy,institutionCode,collectionCode,catalogNumber,recordedBy,scientificName,typeStatus,recordedByID,identifiedByID
identified,2815037309,c257bd77-512e-42d7-b54b-86f8080eafc5,CC_BY_4_0,55474-Occurrence-12,PRESERVED_SPECIMEN,,33.62056,-100.3225,United States of America,US,1968-06-18T00:00:00,1968,Animalia,Curculionidae,R. E. Warner,TTU,TTU-Z,TTU-Z_219297,Wayne H. Swenson,"Compsus auricephalus Say, 1824",Other material,,
identified,2815037307,c257bd77-512e-42d7-b54b-86f8080eafc5,CC_BY_4_0,55474-Occurrence-13,PRESERVED_SPECIMEN,,33.62056,-100.3225,United States of America,US,1968-06-07T00:00:00,1968,Animalia,Curculionidae,R. E. Warner,TTU,TTU-Z,TTU-Z_219298,Wayne H. Swenson,"Compsus auricephalus Say, 1824",Other material,,
identified,2815037306,c257bd77-512e-42d7-b54b-86f8080eafc5,CC_BY_4_0,55474-Occurrence-14,PRESERVED_SPECIMEN,,33.62056,-100.3225,United States of America,US,1968-06-18T00:00:00,1968,Animalia,Curculionidae,R. E. Warner,TTU,TTU-Z,TTU-Z_219299,Wayne H. Swenson,"Compsus auricephalus Say, 1824",Other material,,
identified,2815037305,c257bd77-512e-42d7-b54b-86f8080eafc5,CC_BY_4_0,55474-Occurrence-15,PRESERVED_SPECIMEN,,33.62056,-100.3225,United States of America,US,1968-06-28T00:00:00,1968,Animalia,Curculionidae,R. E. Warner,TTU,TTU-Z,TTU-Z_219300,Wayne H. Swenson,"Compsus auricephalus Say, 1824",Other material,,
identified,1571774656,0108bdc9-3d7f-459a-a92e-a40c3ed07c93,CC_BY_NC_4_0,2bb1b130-a76a-45c3-94ce-92c271f8bf79,PRESERVED_SPECIMEN,,38.720945,-75.076014,USA,US,4/12/60,1960,Animalia,Curculionidae,R.E. Warner,UD,UDCC,UDCC_TCN 00064237,W.A. Connel,Hypera nigrirostris,None,,
identified,1571774643,0108bdc9-3d7f-459a-a92e-a40c3ed07c93,CC_BY_NC_4_0,88db1cc3-c60f-4593-885f-b486ccb07363,PRESERVED_SPECIMEN,1957,,,USA,US,5/24/51,1951,Animalia,Curculionidae,R.E. Warner,UD,UDCC,UDCC_TCN 00064204,H.E. Milliron,Ceutorhynchus lesquerellae,None,,
identified,1571774615,0108bdc9-3d7f-459a-a92e-a40c3ed07c93,CC_BY_NC_4_0,53fd4aed-f380-4fdd-b68d-6993f4ead215,PRESERVED_SPECIMEN,1957,,,USA,US,5/24/51,1951,Animalia,Curculionidae,R.E. Warner,UD,UDCC,UDCC_TCN 00064205,H.E. Milliron,Ceutorhynchus lesquerellae,None,,
identified,1571774576,0108bdc9-3d7f-459a-a92e-a40c3ed07c93,CC_BY_NC_4_0,5fafb994-b5ea-4aa0-8e18-5681a1160549,PRESERVED_SPECIMEN,1966,,,USA,US,7/13/88,1988,Animalia,Curculionidae,R.E. Warner,UD,UDCC,UDCC_TCN 00064122,,Conotrachelus nenuphar,None,,
identified,1571774571,0108bdc9-3d7f-459a-a92e-a40c3ed07c93,CC_BY_NC_4_0,95fac97c-4acf-4834-a0c0-fc123a012109,PRESERVED_SPECIMEN,,,,USA,US,4/10/53,1953,Animalia,Nemonychidae,R.E. Warner,UD,UDCC,UDCC_TCN 00064228,H.E. Milliron,Cimberis pilosus,None,,
identified,1571774545,0108bdc9-3d7f-459a-a92e-a40c3ed07c93,CC_BY_NC_4_0,79f9d57f-f9bb-410f-bdd4-1098717ad83d,PRESERVED_SPECIMEN,1957,,,USA,US,5/24/51,1951,Animalia,Curculionidae,R.E. Warner,UD,UDCC,UDCC_TCN 00064203,H.E. Milliron,Ceutorhynchus lesquerellae,None,,
identified,1571774524,0108bdc9-3d7f-459a-a92e-a40c3ed07c93,CC_BY_NC_4_0,72a7b630-5edf-45d9-abe9-ab060bf22fc1,PRESERVED_SPECIMEN,,,,USA,US,4/23/59,1959,Animalia,Curculionidae,R.E. Warner,UD,UDCC,UDCC_TCN 00064086,W.A. Connel,Hypera postica,None,,
identified,1571774499,0108bdc9-3d7f-459a-a92e-a40c3ed07c93,CC_BY_NC_4_0,15d3924c-7f19-4ee6-8b87-ffabc01e129c,PRESERVED_SPECIMEN,1963,,,USA,US,1959-05-00,1959,Animalia,Curculionidae,R.E. Warner,UD,UDCC,UDCC_TCN 00064083,W.A. Connel,Hypera rumicis,None,,
identified,1571774477,0108bdc9-3d7f-459a-a92e-a40c3ed07c93,CC_BY_NC_4_0,22e8e340-a1c8-4e14-ab80-5a2fb47b7c30,PRESERVED_SPECIMEN,,,,USA,US,6/13/01,1901,Animalia,Curculionidae,R.E. Warner,UD,UDCC,UDCC_TCN 00064123,,Conotrachelus nenuphar,None,,
identified,1571774459,0108bdc9-3d7f-459a-a92e-a40c3ed07c93,CC_BY_NC_4_0,d8638139-82b5-4e4a-a37f-33583503a073,PRESERVED_SPECIMEN,1963,,,USA,US,1959-05-00,1959,Animalia,Curculionidae,R.E. Warner,UD,UDCC,UDCC_TCN 00064084,W.A. Connel,Hypera rumicis,None,,
identified,1571774427,0108bdc9-3d7f-459a-a92e-a40c3ed07c93,CC_BY_NC_4_0,04a743c8-ad17-4ac9-982f-d5445aa1b68c,PRESERVED_SPECIMEN,1963,,,USA,US,5/26/59,1959,Animalia,Curculionidae,R.E. Warner,UD,UDCC,UDCC_TCN 00064082,W.A. Connel,Hypera rumicis,None,,
identified,1571774415,0108bdc9-3d7f-459a-a92e-a40c3ed07c93,CC_BY_NC_4_0,7f3c434e-6f3f-4a0a-9041-6614bb13680e,PRESERVED_SPECIMEN,,,,USA,US,6/12/63,1963,Animalia,Curculionidae,R.E. Warner,UD,UDCC,UDCC_TCN 00064087,W.A. Connel,Hypera postica,None,,
identified,1571774374,0108bdc9-3d7f-459a-a92e-a40c3ed07c93,CC_BY_NC_4_0,cf0ae56c-cf66-4597-bbac-767e58f90474,PRESERVED_SPECIMEN,,,,USA,US,7/13/66,1966,Animalia,Curculionidae,R.E. Warner,UD,UDCC,UDCC_TCN 00064002,,Listronotus caudatus,None,,
identified,1571774350,0108bdc9-3d7f-459a-a92e-a40c3ed07c93,CC_BY_NC_4_0,1287501c-27f3-4763-a7a3-05cc5008ec43,PRESERVED_SPECIMEN,,,,USA,US,7/13/66,1966,Animalia,Curculionidae,R.E. Warner,UD,UDCC,UDCC_TCN 00064010,,Listronotus tuberosus,None,,
identified,1571774348,0108bdc9-3d7f-459a-a92e-a40c3ed07c93,CC_BY_NC_4_0,37d9fb5a-7f8f-457b-8543-b3037c58a6fc,PRESERVED_SPECIMEN,,,,USA,US,7/13/66,1966,Animalia,Curculionidae,R.E. Warner,UD,UDCC,UDCC_TCN 00064007,,Listronotus appendiculatus,None,,
identified,1571774284,0108bdc9-3d7f-459a-a92e-a40c3ed07c93,CC_BY_NC_4_0,1e2fcc48-d409-4adf-9032-fc82aab8f4fb,PRESERVED_SPECIMEN,1963,,,USA,US,5/16/63,1963,Animalia,Curculionidae,R.E. Warner,UD,UDCC,UDCC_TCN 00063782,W.R Hickman,Mononychus vulpeculus,None,,
identified,1571774235,0108bdc9-3d7f-459a-a92e-a40c3ed07c93,CC_BY_NC_4_0,0d814f1d-e7ca-44d6-9b45-d015ced12d37,PRESERVED_SPECIMEN,,,,USA,US,8/10/60,1960,Animalia,Curculionidae,R.E. Warner,UD,UDCC,UDCC_TCN 00063774,,Tachypterellus quadrigibbus,None,,
identified,1571774234,0108bdc9-3d7f-459a-a92e-a40c3ed07c93,CC_BY_NC_4_0,ec960fe4-dab1-4f84-93c8-5e6512f0f447,PRESERVED_SPECIMEN,1963,,,USA,US,5/16/63,1963,Animalia,Curculionidae,R.E. Warner,UD,UDCC,UDCC_TCN 00063789,W.R Hickman,Mononychus vulpeculus,None,,
identified,1571774203,0108bdc9-3d7f-459a-a92e-a40c3ed07c93,CC_BY_NC_4_0,5afd434a-68ab-4dd4-a6b6-eeae4c8c0024,PRESERVED_SPECIMEN,1972,,,USA,US,7/4/66,1966,Animalia,Curculionidae,R.E. Warner,UD,UDCC,UDCC_TCN 00063785,Donald MacCreary,Oedophrys hilleri,None,,
identified,1571774190,0108bdc9-3d7f-459a-a92e-a40c3ed07c93,CC_BY_NC_4_0,5bed0768-3907-4c4d-bf12-468da8c3a80d,PRESERVED_SPECIMEN,1972,,,USA,US,7/4/66,1966,Animalia,Curculionidae,R.E. Warner,UD,UDCC,UDCC_TCN 00063786,Donald MacCreary,Oedophrys hilleri,None,,
identified,2628934378,5e874d56-5dd9-474b-a02b-e077624f2db2,CC_BY_4_0,urn:catalog:DGSV-SENASICA:CE-DGSV:CNRF-13.73.22:e2c26b8121e36e436ff11337be8744ec,PRESERVED_SPECIMEN,,,,,,1969,1969,Animalia,Curculionidae,R. E. Warner,DGSV-SENASICA,CE-DGSV,CNRF-13.73.22,NO DISPONIBLE,Anthonomus vestitus,NO APLICA,,
identified,3897368875,ba9984d8-d982-4fe6-b81c-a7585790034a,CC0_1_0,9f105b6f-6046-45ea-98a2-39ad55ab4d9b,PRESERVED_SPECIMEN,,30.02,-104.56,United States,US,7/30/71,1971,Animalia,Curculionidae,"Warner, R. E.",UTIC,Biospeleology,TMM18910,Tony R. Mollhagen|Brian Chapman,Onychobaris mystica,,,
identified,3795232588,e7fa4cc1-52a1-4859-b876-bcb45e9ca809,CC_BY_NC_4_0,NYSM-ENT_0003873,PRESERVED_SPECIMEN,,,,Colombia,CO,1969-07-00,1969,Animalia,Curculionidae,"Warner, R.E.",NYSM,ENT,ENT_0003873,"dePolania, I.Z.",Premnotrypes vorax,,,
identified,3795231126,e7fa4cc1-52a1-4859-b876-bcb45e9ca809,CC_BY_NC_4_0,NYSM-ENT_0003869,PRESERVED_SPECIMEN,,,,Peru,PE,1969-00-00,1969,Animalia,Curculionidae,"Warner, R.E.",NYSM,ENT,ENT_0003869,,Anthonomus vestitus,,,
identified,3795231124,e7fa4cc1-52a1-4859-b876-bcb45e9ca809,CC_BY_NC_4_0,NYSM-ENT_0003870,PRESERVED_SPECIMEN,,,,Peru,PE,1969-00-00,1969,Animalia,Curculionidae,"Warner, R.E.",NYSM,ENT,ENT_0003870,,Anthonomus vestitus,,,
identified,3795231122,e7fa4cc1-52a1-4859-b876-bcb45e9ca809,CC_BY_NC_4_0,NYSM-ENT_0003868,PRESERVED_SPECIMEN,,,,Peru,PE,1969-00-00,1969,Animalia,Curculionidae,"Warner, R.E.",NYSM,ENT,ENT_0003868,,Anthonomus vestitus,,,
identified,3795231007,e7fa4cc1-52a1-4859-b876-bcb45e9ca809,CC_BY_NC_4_0,NYSM-ENT_0003871,PRESERVED_SPECIMEN,,-12.05,-77.05,Peru,PE,1968-00-00,1968,Animalia,Curculionidae,"Warner, R.E.",NYSM,ENT,ENT_0003871,Estación Experimental Agricola de La Molina,Eutinobothrus gossypii,,,
identified,3795231001,e7fa4cc1-52a1-4859-b876-bcb45e9ca809,CC_BY_NC_4_0,NYSM-ENT_0003872,PRESERVED_SPECIMEN,,-12.05,-77.05,Peru,PE,1968-00-00,1968,Animalia,Curculionidae,"Warner, R.E.",NYSM,ENT,ENT_0003872,Estación Experimental Agricola de La Molina,Eutinobothrus gossypii,,,
identified,3763874811,14aff274-bf79-4a74-86ce-fb8b115adbf3,CC0_1_0,ef5ed001-6e8a-4c77-88ec-2b289b75f119,PRESERVED_SPECIMEN,[no record],38.970485,-77.17628,United States,US,5/28/58,1958,Animalia,Apionidae,R.E. Warner,ASU,ASUCOB,ASUCOB0030415,R.S. Beal,Apion,,,
identified,3443413280,040c5662-da76-4782-a48e-cdea1892d14c,CC_BY_4_0,http://bins.boldsystems.org/index.php/Public_RecordView?processid=SICOA1278-18,MATERIAL_SAMPLE,,,,Bolivia,BO,8/29/66,,Animalia,Curculionidae,R. E. Warner,,,USNM ENT 01452584,C.Montellano,Trichocyphus formosus,,,
identified,3443328356,040c5662-da76-4782-a48e-cdea1892d14c,CC_BY_4_0,http://bins.boldsystems.org/index.php/Public_RecordView?processid=SICOA1473-18,MATERIAL_SAMPLE,,,,South Africa,ZA,5/30/68,,Animalia,Brentidae,R. E. Warner,,,USNM ENT 01453142,C.Locklear,Tanaos bicolor,,,
identified,3443328355,040c5662-da76-4782-a48e-cdea1892d14c,CC_BY_4_0,http://bins.boldsystems.org/index.php/Public_RecordView?processid=SICOA1275-18,MATERIAL_SAMPLE,,,,Argentina,AR,2/25/73,,Animalia,Curculionidae,R. E. Warner,,,USNM ENT 01452581,D.C.Lloyd,Priocyphus bosqi,,,
identified,3442371523,040c5662-da76-4782-a48e-cdea1892d14c,CC_BY_4_0,http://bins.boldsystems.org/index.php/Public_RecordView?processid=SICOA1249-18,MATERIAL_SAMPLE,,,,Mexico,MX,7/31/65,,Animalia,Curculionidae,R. E. Warner,,,USNM ENT 01452555,N.L.H.Krauss,Epicaerus nebulosus,,,
identified,3442355495,040c5662-da76-4782-a48e-cdea1892d14c,CC_BY_4_0,http://bins.boldsystems.org/index.php/Public_RecordView?processid=SICOA1514-18,MATERIAL_SAMPLE,,,,United States,US,8/31/75,,Animalia,Brachyceridae,R. E. Warner,,,USNM ENT 01453183,N.C.Glenstead,Lissorhoptrus chapini chapini,,,
identified,3442330272,040c5662-da76-4782-a48e-cdea1892d14c,CC_BY_4_0,http://bins.boldsystems.org/index.php/Public_RecordView?processid=SICOA1475-18,MATERIAL_SAMPLE,,,,South Africa,ZA,10/10/69,,Animalia,Brentidae,R. E. Warner,,,USNM ENT 01453144,"Pifer, Mabry",Antliarhis zamiae,,,
identified,3442294286,040c5662-da76-4782-a48e-cdea1892d14c,CC_BY_4_0,http://bins.boldsystems.org/index.php/Public_RecordView?processid=SICOA1474-18,MATERIAL_SAMPLE,,,,South Africa,ZA,5/26/68,,Animalia,Brentidae,R. E. Warner,,,USNM ENT 01453143,Hidalgo,Tanaos bicolor,,,
identified,3442118894,040c5662-da76-4782-a48e-cdea1892d14c,CC_BY_4_0,http://bins.boldsystems.org/index.php/Public_RecordView?processid=SICOA820-18,MATERIAL_SAMPLE,,,,South Africa,ZA,4/21/64,,Animalia,Curculionidae,R. E. Warner,,,USNM ENT 01452508,,Mimaulus,,,
identified,3442099728,040c5662-da76-4782-a48e-cdea1892d14c,CC_BY_4_0,http://bins.boldsystems.org/index.php/Public_RecordView?processid=SICOA658-18,MATERIAL_SAMPLE,,,,Fiji,FJ,2/27/69,,Animalia,Curculionidae,R. E. Warner,,,USNM ENT 01452441,Myake,Rhinoscapha lagopyga,,,
identified,3442091892,040c5662-da76-4782-a48e-cdea1892d14c,CC_BY_4_0,http://bins.boldsystems.org/index.php/Public_RecordView?processid=SICOA618-18,MATERIAL_SAMPLE,,,,Chile,CL,12/14/60,,Animalia,Curculionidae,R. E. Warner,,,USNM ENT 01452401,N.Pavlor,Cylydrorhinus costatus,,,
identified,3351651102,d8cd16ba-bb74-4420-821e-083f2bac17c2,CC_BY_4_0,MN343936,PRESERVED_SPECIMEN,,,,USA,US,5/17/72,,Animalia,Curculionidae,R. E. Warner,,,USNM:ENT:01452467,"E.Paddock, A.Gilbert, L.Davis",Dirotognathus sordidus,,,
identified,3028132859,26098c25-8f7f-4c71-97ac-1d3db181c65e,CC0_1_0,http://n2t.net/ark:/65665/3f64c8115-108a-4707-bcba-bbe413b06a6b,MATERIAL_SAMPLE,,,,South Africa,ZA,,1968,Animalia,Brentidae,"Warner, R. E.",USNM,ENT,USNMENT1639298.1,Hidalgo,Tanaos bicolor,,,
identified,3028125209,26098c25-8f7f-4c71-97ac-1d3db181c65e,CC0_1_0,http://n2t.net/ark:/65665/3e30921c3-1dc5-4ab0-a9a0-97b5c96fa7e8,MATERIAL_SAMPLE,,,,Suriname,SR,,1971,Animalia,Curculionidae,"Warner, R. E.",USNM,ENT,USNMENT1639097.1,E. van Brussel,Plectrophoroides lutra,,,
identified,3028093839,26098c25-8f7f-4c71-97ac-1d3db181c65e,CC0_1_0,http://n2t.net/ark:/65665/3833c192f-7267-4abc-b3c3-d9724857f86b,MATERIAL_SAMPLE,,,,South Africa,ZA,,1968,Animalia,Brentidae,"Warner, R. E.",USNM,ENT,USNMENT1639297.1,C. Locklear,Tanaos bicolor,,,
identified,3028089828,26098c25-8f7f-4c71-97ac-1d3db181c65e,CC0_1_0,http://n2t.net/ark:/65665/362b3fb77-3267-497e-9273-8d834769387f,MATERIAL_SAMPLE,,,,Bolivia,BO,,1966,Animalia,Curculionidae,"Warner, R. E.",USNM,ENT,USNMENT1639102.1,C. Montellano,Trichocyphus formosus,,,
identified,3028087926,26098c25-8f7f-4c71-97ac-1d3db181c65e,CC0_1_0,http://n2t.net/ark:/65665/36a1d8f8f-5ae4-4cd9-a44c-ba5386d9cedf,MATERIAL_SAMPLE,,,,South Africa,ZA,,1964,Animalia,Curculionidae,"Warner, R. E.",USNM,ENT,USNMENT1638644.1,,Mimaulus sp.,,,
identified,3028061308,26098c25-8f7f-4c71-97ac-1d3db181c65e,CC0_1_0,http://n2t.net/ark:/65665/31e157d2d-2faa-4ea6-b1f9-1497861374e7,MATERIAL_SAMPLE,,,,Chile,CL,,1960,Animalia,Curculionidae,"Warner, R. E.",USNM,ENT,USNMENT1638442.1,N. Pavlor,Cylydrorhinus costatus,,,
identified,3028029262,26098c25-8f7f-4c71-97ac-1d3db181c65e,CC0_1_0,http://n2t.net/ark:/65665/3e1e5ba72-68d6-4582-8101-8d90b773b82f,MATERIAL_SAMPLE,,,,United States,US,,1975,Animalia,Brachyceridae,"Warner, R. E.",USNM,ENT,USNMENT1639338.1,N. Glenstead,Lissorhoptrus chapini chapini,,,
identified,3028017560,26098c25-8f7f-4c71-97ac-1d3db181c65e,CC0_1_0,http://n2t.net/ark:/65665/397d90cd4-36e2-486a-be64-05e8d8c234fd,MATERIAL_SAMPLE,,,,South Africa,ZA,,1969,Animalia,Brentidae,"Warner, R. E.",USNM,ENT,USNMENT1639299.1,Pifer & Mabry,Antliarhinus rectirostris,,,
identified,3027995470,26098c25-8f7f-4c71-97ac-1d3db181c65e,CC0_1_0,http://n2t.net/ark:/65665/35b10e41a-69a9-4eb9-8433-15fe243c40f1,MATERIAL_SAMPLE,,-18.1216,178.451,Fiji,FJ,,1969,Animalia,Curculionidae,"Warner, R. E.",USNM,ENT,USNMENT1638482.1,Myake,Rhinoscapha lagopyga,,,
identified,3027986081,26098c25-8f7f-4c71-97ac-1d3db181c65e,CC0_1_0,http://n2t.net/ark:/65665/34f280a7e-71f3-46ee-b0ea-a6fb226c6ca6,MATERIAL_SAMPLE,,,,Mexico,MX,,1965,Animalia,Curculionidae,"Warner, R. E.",USNM,ENT,USNMENT1639073.1,N. Krauss,Epicaerus nebulosus,,,
identified,3027972000,26098c25-8f7f-4c71-97ac-1d3db181c65e,CC0_1_0,http://n2t.net/ark:/65665/32f598522-b285-4340-bb91-251979d0df01,MATERIAL_SAMPLE,,,,Argentina,AR,,1973,Animalia,Curculionidae,"Warner, R. E.",USNM,ENT,USNMENT1639099.1,D. Lloyd,Priocyphus bosqi,,,
identified,3027960325,26098c25-8f7f-4c71-97ac-1d3db181c65e,CC0_1_0,http://n2t.net/ark:/65665/3007b9523-ff69-49a8-8065-1c8b924a5941,MATERIAL_SAMPLE,,,,United States,US,,1972,Animalia,Curculionidae,"Warner, R. E.",USNM,ENT,USNMENT1638603.1,"E. Paddock, A. Gilbert & L. Davis",Dirotognathus sordidus,,,
identified,2986796326,821cc27a-e3bb-4bc5-ac34-89ada245069d,CC0_1_0,http://n2t.net/ark:/65665/346516531-d391-465a-a19e-dcb96b938f35,PRESERVED_SPECIMEN,,,,South Africa,ZA,,1968,Animalia,Brentidae,"Warner, R. E.",USNM,ENT,USNMENT1453143,Hidalgo,Tanaos bicolor,,,
identified,2986794329,821cc27a-e3bb-4bc5-ac34-89ada245069d,CC0_1_0,http://n2t.net/ark:/65665/35f7cfe29-a345-40ba-936a-0e311d8c6194,PRESERVED_SPECIMEN,,,,United States,US,,1972,Animalia,Curculionidae,"Warner, R. E.",USNM,ENT,USNMENT1452467,"E. Paddock, A. Gilbert & L. Davis",Dirotognathus sordidus,,,
identified,2986792400,821cc27a-e3bb-4bc5-ac34-89ada245069d,CC0_1_0,http://n2t.net/ark:/65665/3fc8c3dae-c1df-4cec-a340-379a7161a711,PRESERVED_SPECIMEN,,,,Chile,CL,,1960,Animalia,Curculionidae,"Warner, R. E.",USNM,ENT,USNMENT1452401,N. Pavlor,Cylydrorhinus costatus,,,
identified,2986778347,821cc27a-e3bb-4bc5-ac34-89ada245069d,CC0_1_0,http://n2t.net/ark:/65665/382547d5a-688c-40dd-94eb-d0c6e1e2a2bd,PRESERVED_SPECIMEN,,,,Mexico,MX,,1965,Animalia,Curculionidae,"Warner, R. E.",USNM,ENT,USNMENT1452555,N. Krauss,Epicaerus nebulosus,,,
identified,2986765388,821cc27a-e3bb-4bc5-ac34-89ada245069d,CC0_1_0,http://n2t.net/ark:/65665/3f62f8fe1-1dc3-48f9-a275-ceafe80bccf7,PRESERVED_SPECIMEN,,,,Argentina,AR,,1973,Animalia,Curculionidae,"Warner, R. E.",USNM,ENT,USNMENT1452581,D. Lloyd,Priocyphus bosqi,,,
identified,2986765387,821cc27a-e3bb-4bc5-ac34-89ada245069d,CC0_1_0,http://n2t.net/ark:/65665/3f19cef77-e7f2-45e0-83e2-a55915b28a16,PRESERVED_SPECIMEN,,,,Suriname,SR,,1971,Animalia,Curculionidae,"Warner, R. E.",USNM,ENT,USNMENT1452579,E. van Brussel,Plectrophoroides lutra,,,
identified,2986764318,821cc27a-e3bb-4bc5-ac34-89ada245069d,CC0_1_0,http://n2t.net/ark:/65665/32f72eb3a-277e-4c4e-844b-eb2c9cc4989f,PRESERVED_SPECIMEN,,,,United States,US,,1975,Animalia,Brachyceridae,"Warner, R. E.",USNM,ENT,USNMENT1453183,N. Glenstead,Lissorhoptrus chapini chapini,,,
identified,2986731342,821cc27a-e3bb-4bc5-ac34-89ada245069d,CC0_1_0,http://n2t.net/ark:/65665/366a2b046-4025-44e6-9b4f-1f743be06b25,PRESERVED_SPECIMEN,,,,South Africa,ZA,,1968,Animalia,Brentidae,"Warner, R. E.",USNM,ENT,USNMENT1453142,C. Locklear,Tanaos bicolor,,,
identified,2986719389,821cc27a-e3bb-4bc5-ac34-89ada245069d,CC0_1_0,http://n2t.net/ark:/65665/3f9c81740-801c-4019-a3a4-7f14b2ce0917,PRESERVED_SPECIMEN,,,,South Africa,ZA,,1969,Animalia,Brentidae,"Warner, R. E.",USNM,ENT,USNMENT1453144,Pifer & Mabry,Antliarhinus rectirostris,,,
identified,2986708314,821cc27a-e3bb-4bc5-ac34-89ada245069d,CC0_1_0,http://n2t.net/ark:/65665/31b0fafd3-0714-406f-a179-9f1d897b999c,PRESERVED_SPECIMEN,,-18.1216,178.451,Fiji,FJ,,1969,Animalia,Curculionidae,"Warner, R. E.",USNM,ENT,USNMENT1452441,Myake,Rhinoscapha lagopyga,,,
identified,2986702391,821cc27a-e3bb-4bc5-ac34-89ada245069d,CC0_1_0,http://n2t.net/ark:/65665/3d1a1b266-c6d8-4a84-88d1-438177ac1c56,PRESERVED_SPECIMEN,,,,Bolivia,BO,,1966,Animalia,Curculionidae,"Warner, R. E.",USNM,ENT,USNMENT1452584,C. Montellano,Trichocyphus formosus,,,
identified,2986699378,821cc27a-e3bb-4bc5-ac34-89ada245069d,CC0_1_0,http://n2t.net/ark:/65665/3e891364c-a718-41c5-896a-48220bbb2382,PRESERVED_SPECIMEN,,,,South Africa,ZA,,1964,Animalia,Curculionidae,"Warner, R. E.",USNM,ENT,USNMENT1452508,,Mimaulus sp.,,,
identified,2986434859,9b12d595-11ea-4128-88ea-ed378eb9ea9a,CC0_1_0,19b9f75a-c235-48f3-b9d0-e816e2d48f84,PRESERVED_SPECIMEN,,,,Mexico,MX,1/17/63,1963,Animalia,Curculionidae,"Warner, R.E.",MISSA,MEM,MEM 388150,"Cross, W.H.",Baris,,,
identified,2986434657,9b12d595-11ea-4128-88ea-ed378eb9ea9a,CC0_1_0,768d6cd8-76b5-4a03-84de-5dcb17586b80,PRESERVED_SPECIMEN,,,,United States,US,8/4/71,1971,Animalia,Curculionidae,"Warner, R.E.",MISSA,MEM,MEM 93045,"Shaunak, K.K.",Geraeus picumnus,,,
identified,2986433666,9b12d595-11ea-4128-88ea-ed378eb9ea9a,CC0_1_0,d46432bd-19c8-4965-8d76-e0ac958433fb,PRESERVED_SPECIMEN,,,,United States,US,6/23/71,1971,Animalia,Curculionidae,"Warner, R.E.",MISSA,MEM,MEM 93042,"Shaunak, K.K.",Geraeus picumnus,,,
identified,2986432884,9b12d595-11ea-4128-88ea-ed378eb9ea9a,CC0_1_0,2b28becf-a80f-4129-81e3-62235624a6c4,PRESERVED_SPECIMEN,,,,Mexico,MX,1/21/63,1963,Animalia,Curculionidae,"Warner, R.E.",MISSA,MEM,MEM 388148,"Burrual, M.",Baris,,,
identified,2986432682,9b12d595-11ea-4128-88ea-ed378eb9ea9a,CC0_1_0,c161ea46-ba10-4996-b9ed-d2046f9edb6f,PRESERVED_SPECIMEN,,,,United States,US,6/23/71,1971,Animalia,Curculionidae,"Warner, R.E.",MISSA,MEM,MEM 93043,"Shaunak, K.K.",Geraeus picumnus,,,
identified,2986431644,9b12d595-11ea-4128-88ea-ed378eb9ea9a,CC0_1_0,86e3575a-c532-41d8-923f-99ae28cef443,PRESERVED_SPECIMEN,,33.47942,-88.818387,United States,US,6/15/64,1964,Animalia,Curculionidae,"Warner, R.E.",MISSA,MEM,MEM 92843,"Cross, W.H.",Geraeus penicillus,,,
identified,2986430852,9b12d595-11ea-4128-88ea-ed378eb9ea9a,CC0_1_0,b8d0e4eb-24cf-4ce3-8aac-989a08346c3b,PRESERVED_SPECIMEN,,,,Mexico,MX,1/21/63,1963,Animalia,Curculionidae,"Warner, R.E.",MISSA,MEM,MEM 388149,"Burrual, M.",Baris,,,
identified,2986414667,9b12d595-11ea-4128-88ea-ed378eb9ea9a,CC0_1_0,63ad23ba-166b-4b70-9d46-65ea8044b50f,PRESERVED_SPECIMEN,,,,United States,US,6/23/71,1971,Animalia,Curculionidae,"Warner, R.E.",MISSA,MEM,MEM 93040,"Shaunak, K.K.",Geraeus picumnus,,,
identified,2986413891,9b12d595-11ea-4128-88ea-ed378eb9ea9a,CC0_1_0,ebbe3584-9559-4196-a9c9-010793858d78,PRESERVED_SPECIMEN,,33.47942,-88.818387,United States,US,6/2/64,1964,Animalia,Curculionidae,"Warner, R.E.",MISSA,MEM,MEM 389137,"Cross, W.H.",Odontocorynus salebrosus,,,
identified,2986413658,9b12d595-11ea-4128-88ea-ed378eb9ea9a,CC0_1_0,4931e5c0-e561-40bd-b8b5-5a644fc006c1,PRESERVED_SPECIMEN,,,,United States,US,6/23/71,1971,Animalia,Curculionidae,"Warner, R.E.",MISSA,MEM,MEM 93038,"Shaunak, K.K.",Geraeus picumnus,,,
identified,2986413647,9b12d595-11ea-4128-88ea-ed378eb9ea9a,CC0_1_0,25f74cb2-f38f-411f-b7a8-3fab052a9bd1,PRESERVED_SPECIMEN,,33.47942,-88.818387,United States,US,7/2/64,1964,Animalia,Curculionidae,"Warner, R.E.",MISSA,MEM,MEM 92840,"Cross, W.H.",Geraeus penicillus,,,
identified,2986411624,9b12d595-11ea-4128-88ea-ed378eb9ea9a,CC0_1_0,dcea7ea6-e895-4bad-94b0-95a58ace79da,PRESERVED_SPECIMEN,,,,United States,US,,,Animalia,Curculionidae,"Warner, R.E.",MISSA,MEM,MEM 92392,"Cross, W.H.",Cosmobaris scolopacea,,,
identified,2986410895,9b12d595-11ea-4128-88ea-ed378eb9ea9a,CC0_1_0,095ba6f1-3d84-4576-9c5b-372fc2e8b558,PRESERVED_SPECIMEN,,33.454844,-88.788664,United States,US,5/8/63,1963,Animalia,Curculionidae,"Warner, R.E.",MISSA,MEM,MEM 389135,"Cross, W.H.",Odontocorynus salebrosus,,,
identified,2986410651,9b12d595-11ea-4128-88ea-ed378eb9ea9a,CC0_1_0,2f456e80-7ce0-4755-a477-66526192b8c2,PRESERVED_SPECIMEN,,33.633175,-89.711194,United States,US,7/3/64,1964,Animalia,Curculionidae,"Warner, R.E.",MISSA,MEM,MEM 92838,"Cross, W.H.",Geraeus penicillus,,,
identified,2986406914,9b12d595-11ea-4128-88ea-ed378eb9ea9a,CC0_1_0,fa309700-8d80-40fb-b604-25be6523f872,PRESERVED_SPECIMEN,,33.47942,-88.818387,United States,US,6/17/64,1964,Animalia,Curculionidae,"Warner, R.E.",MISSA,MEM,MEM 389136,"Cross, W.H.",Odontocorynus salebrosus,,,
identified,2986406665,9b12d595-11ea-4128-88ea-ed378eb9ea9a,CC0_1_0,2b2fc8dc-0c30-47f0-9228-4de81d8dd318,PRESERVED_SPECIMEN,,33.633175,-89.711194,United States,US,7/3/64,1964,Animalia,Curculionidae,"Warner, R.E.",MISSA,MEM,MEM 92839,"Cross, W.H.",Geraeus penicillus,,,
identified,2986405675,9b12d595-11ea-4128-88ea-ed378eb9ea9a,CC0_1_0,731eac3c-c8e3-4fb0-b98c-b160007ede0a,PRESERVED_SPECIMEN,,,,United States,US,6/23/71,1971,Animalia,Curculionidae,"Warner, R.E.",MISSA,MEM,MEM 93041,"Shaunak, K.K.",Geraeus picumnus,,,
identified,2986405664,9b12d595-11ea-4128-88ea-ed378eb9ea9a,CC0_1_0,2981edf6-525c-49ff-a5fe-515d5cfe8a03,PRESERVED_SPECIMEN,,33.47942,-88.818387,United States,US,7/3/63,1963,Animalia,Curculionidae,"Warner, R.E.",MISSA,MEM,MEM 92842,"Cross, W.H.",Geraeus penicillus,,,
identified,2986405648,9b12d595-11ea-4128-88ea-ed378eb9ea9a,CC0_1_0,0c3bca63-84a3-4c0d-bb6e-96134802b08c,PRESERVED_SPECIMEN,,,,United States,US,5/30/72,1972,Animalia,Curculionidae,"Warner, R.E.",MISSA,MEM,MEM 92400,"Schuster, M.F.",Cosmobaris scolopacea,,,
identified,2986404929,9b12d595-11ea-4128-88ea-ed378eb9ea9a,CC0_1_0,7a3166ac-0303-4f9c-b456-f4bfb0898ce2,PRESERVED_SPECIMEN,,,,United States,US,6/24/63,1963,Animalia,Curculionidae,"Warner, R.E.",MISSA,MEM,MEM 389134,"Cross, W.H.",Odontocorynus salebrosus,,,
identified,2986404885,9b12d595-11ea-4128-88ea-ed378eb9ea9a,CC0_1_0,dd19e80d-2779-463f-8668-77eaf27ebf12,PRESERVED_SPECIMEN,,,,United States,US,6/24/71,1971,Animalia,Curculionidae,"Warner, R.E.",MISSA,MEM,MEM 388077,"Shaunak, K.K.",Baris interstitialis,,,
identified,2986404680,9b12d595-11ea-4128-88ea-ed378eb9ea9a,CC0_1_0,a03adfcb-34c0-4549-8580-905994adf2aa,PRESERVED_SPECIMEN,,33.4654,-89.011172,United States,US,10/10/66,1966,Animalia,Curculionidae,"Warner, R.E.",MISSA,MEM,MEM 92837,"Huddleston, P.",Geraeus penicillus,,,
identified,2986403886,9b12d595-11ea-4128-88ea-ed378eb9ea9a,CC0_1_0,36e94c5b-b499-4a01-8108-6fbf6875bc4e,PRESERVED_SPECIMEN,,33.454844,-88.788664,United States,US,5/8/63,1963,Animalia,Curculionidae,"Warner, R.E.",MISSA,MEM,MEM 389138,"Cross, W.H.",Odontocorynus salebrosus,,,
identified,2986403648,9b12d595-11ea-4128-88ea-ed378eb9ea9a,CC0_1_0,2052777e-8ed0-4356-b09b-ebf5969112c0,PRESERVED_SPECIMEN,,,,United States,US,6/23/71,1971,Animalia,Curculionidae,"Warner, R.E.",MISSA,MEM,MEM 93039,"Shaunak, K.K.",Geraeus picumnus,,,
identified,2986403637,9b12d595-11ea-4128-88ea-ed378eb9ea9a,CC0_1_0,ae6da8a3-11d2-4ed4-ab4f-df92b556c005,PRESERVED_SPECIMEN,,33.47942,-88.818387,United States,US,7/2/64,1964,Animalia,Curculionidae,"Warner, R.E.",MISSA,MEM,MEM 92841,"Cross, W.H.",Geraeus penicillus,,,
identified,2979438497,040c5662-da76-4782-a48e-cdea1892d14c,CC_BY_4_0,http://bins.boldsystems.org/index.php/Public_RecordView?processid=SICOA779-18,MATERIAL_SAMPLE,,,,United States,US,5/17/72,,Animalia,Curculionidae,R. E. Warner,,,USNM ENT 01452467,"E.Paddock, A.Gilbert, L.Davis",Dirotognathus sordidus,,,
identified,2816198562,750b7bfc-3577-4b26-8aaf-3e4be9f0d639,CC0_1_0,94571449-daff-4009-ac2d-ac3f74f8995e,PRESERVED_SPECIMEN,1958,39.034832,-76.907474,United States,US,6/9/58,1958,Animalia,Curculionidae,R.E. Warner,ASU,ASUHIC,ASUHIC0127579,R.S. Beal,Rhyssomatus lineaticollis,,,
identified,2805056356,7931dcab-94f1-46ce-8092-56e4335423de,CC0_1_0,210f0a1f-a802-4149-925a-346b75c575a2,PRESERVED_SPECIMEN,,41.709868,-87.987935,United States of America,US,,1967,Animalia,Curculionidae,R. E. Warner,FMNH,Insects,FMNHINS 0004 188 198,"J. A. Wagner, W. R. Suter",Rhyssomatus lineaticollis (Say),,,
identified,2805046623,7931dcab-94f1-46ce-8092-56e4335423de,CC0_1_0,c2c19ad2-fe68-4279-a9e6-87e0b71805dd,PRESERVED_SPECIMEN,,41.709868,-87.987935,United States of America,US,,1967,Animalia,Curculionidae,R. E. Warner,FMNH,Insects,FMNHINS 0004 188 196,"J. A. Wagner, W. R. Suter",Rhyssomatus lineaticollis (Say),,,
identified,2805045555,7931dcab-94f1-46ce-8092-56e4335423de,CC0_1_0,98b552bf-ed3a-40cb-9fac-84ab9ed56f00,PRESERVED_SPECIMEN,,41.709868,-87.987935,United States of America,US,,1967,Animalia,Curculionidae,R. E. Warner,FMNH,Insects,FMNHINS 0004 188 197,"J. A. Wagner, W. R. Suter",Rhyssomatus lineaticollis (Say),,,
identified,2805038716,7931dcab-94f1-46ce-8092-56e4335423de,CC0_1_0,fd05ed92-d287-4273-a8b9-98cae077dec1,PRESERVED_SPECIMEN,,41.709868,-87.987935,United States of America,US,,1967,Animalia,Curculionidae,R. E. Warner,FMNH,Insects,FMNHINS 0004 188 144,"J. A. Wagner, W. R. Suter","Rhyssomatus aequalis Horn, 1873",,,
identified,2556297957,13fdfab7-e281-428d-8c1f-e72eb7398e97,CC_BY_NC_4_0,308ccd72-428a-4119-aeb2-71cb9f4052e3,PRESERVED_SPECIMEN,,33.62056,-100.3225,United States,US,6/18/68,1968,Animalia,Curculionidae,R. E. Warner,TTU,TTU-Z,TTU-Z_219297,Wayne H. Swenson,Compsus auricephalus,,,
identified,2556297890,13fdfab7-e281-428d-8c1f-e72eb7398e97,CC_BY_NC_4_0,42222edb-506a-413b-9b0f-ae59c8c38c93,PRESERVED_SPECIMEN,,33.62056,-100.3225,United States,US,6/7/68,1968,Animalia,Curculionidae,R. E. Warner,TTU,TTU-Z,TTU-Z_219298,Wayne H. Swenson,Compsus auricephalus,,,
identified,2556297745,13fdfab7-e281-428d-8c1f-e72eb7398e97,CC_BY_NC_4_0,9c557732-faad-4d83-be63-7a2241825b1e,PRESERVED_SPECIMEN,,33.62064,-100.322888,United States,US,5/24/68,1968,Animalia,Curculionidae,R. E. Warner,TTU,TTU-Z,TTU-Z_218970,Wayne H. Swenson,Colecerus marmoratus,,,
identified,2556297424,13fdfab7-e281-428d-8c1f-e72eb7398e97,CC_BY_NC_4_0,cf7b5d95-e819-4092-84d0-355e0fbd132c,PRESERVED_SPECIMEN,,33.62056,-100.3225,United States,US,6/18/68,1968,Animalia,Curculionidae,R. E. Warner,TTU,TTU-Z,TTU-Z_219299,Wayne H. Swenson,Compsus auricephalus,,,
identified,2556297260,13fdfab7-e281-428d-8c1f-e72eb7398e97,CC_BY_NC_4_0,b0f2136f-ac11-4e38-affd-cdb2e898bc06,PRESERVED_SPECIMEN,,33.62056,-100.3225,United States,US,6/28/68,1968,Animalia,Curculionidae,R. E. Warner,TTU,TTU-Z,TTU-Z_219300,Wayne H. Swenson,Compsus auricephalus,,,
identified,2432157995,85378a64-2fbc-4a48-a6b4-9f421ad48f8a,CC0_1_0,c23f86d3-d4ec-498b-8714-bc194c47829d,PRESERVED_SPECIMEN,,,,USA,US,9/1/73,1973,Animalia,Curculionidae,R.E. Warner,NMSU,NMSU,NMSUACP0070333,W. Iselin,Conotrachelus seniculus,,,
identified,1978746420,14aff274-bf79-4a74-86ce-fb8b115adbf3,CC0_1_0,b3736f8e-a168-4fe6-ab1d-c7989b30dd71,PRESERVED_SPECIMEN,,,,United States,US,1/29/59,1959,Animalia,Curculionidae,R.E. Warner,ASU,ASUCOB,ASUCOB0004416,Ford,Mitrastethus brouni,,,
identified,1933461540,85378a64-2fbc-4a48-a6b4-9f421ad48f8a,CC0_1_0,c656abd6-8130-47a6-81c0-3bd53f27cf6b,PRESERVED_SPECIMEN,,50.026668,-90.76635,Canada,CA,,,Animalia,Curculionidae,R. E. Warner,NMSU,NMSU,NMSUACP0010217,,Trichobaris,,,
identified,1933461503,85378a64-2fbc-4a48-a6b4-9f421ad48f8a,CC0_1_0,e36846f2-8508-4c46-8912-9daacea32f10,PRESERVED_SPECIMEN,,,,Mexico,MX,,,Animalia,Curculionidae,R. E. Warner,NMSU,NMSU,NMSUACP0010241,,Tychius,,,
identified,1933461497,85378a64-2fbc-4a48-a6b4-9f421ad48f8a,CC0_1_0,80829012-7121-459d-95c9-3ffb228fa47f,PRESERVED_SPECIMEN,,31.34444,-109.54472,United States,US,,,Animalia,Curculionidae,R. E. Warner,NMSU,NMSU,NMSUACP0010257,,Zascelis oblonga,,,
identified,1933461476,85378a64-2fbc-4a48-a6b4-9f421ad48f8a,CC0_1_0,e8416e9a-7511-4311-9dad-a021a8a1216a,PRESERVED_SPECIMEN,,31.404611,-109.928408,United States,US,,,Animalia,Curculionidae,R. E. Warner,NMSU,NMSU,NMSUACP0010202,,Trichobaris,,,
identified,1933461450,85378a64-2fbc-4a48-a6b4-9f421ad48f8a,CC0_1_0,a2c1b827-90bb-46ce-b2de-297ea5f4a9a2,PRESERVED_SPECIMEN,,34.43028,-103.63194,United States,US,,,Animalia,Curculionidae,R. E. Warner,NMSU,NMSU,NMSUACP0010227,,Trichobaris,,,
identified,1933461395,85378a64-2fbc-4a48-a6b4-9f421ad48f8a,CC0_1_0,0f66984f-6d13-44c2-88fe-943bb6b9c883,PRESERVED_SPECIMEN,,37.495,-94.27639,United States,US,2/16/75,1975,Animalia,Curculionidae,R.E. Warner,NMSU,NMSU,NMSUACP0010064,,Sitona explicitus,,,
identified,1933461348,85378a64-2fbc-4a48-a6b4-9f421ad48f8a,CC0_1_0,f9bd5c44-d86f-434a-9108-13375502ab64,PRESERVED_SPECIMEN,,,,United States,US,,,Animalia,Dryophthoridae,R.E. Warner,NMSU,NMSU,NMSUACP0010006,,Rhodobaenus tredecimpunctatus,,,
identified,1933461303,85378a64-2fbc-4a48-a6b4-9f421ad48f8a,CC0_1_0,60895048-1021-421a-9d39-816de769497e,PRESERVED_SPECIMEN,,31.34444,-109.54472,United States,US,,,Animalia,Curculionidae,R.E. Warner,NMSU,NMSU,NMSUACP0010009,,Rhyssomatus palmacollis,,,
identified,1933461287,85378a64-2fbc-4a48-a6b4-9f421ad48f8a,CC0_1_0,d32f5096-5cab-4e3e-b12c-b4818bbf1280,PRESERVED_SPECIMEN,,,,United States,US,,,Animalia,Dryophthoridae,R.E. Warner,NMSU,NMSU,NMSUACP0010007,,Rhodobaenus tredecimpunctatus,,,
identified,1933461255,85378a64-2fbc-4a48-a6b4-9f421ad48f8a,CC0_1_0,4ca3124a-16ea-4ff5-b94a-d7c562ce9d17,PRESERVED_SPECIMEN,,31.33528,-109.9475,United States,US,,,Animalia,Curculionidae,R.E. Warner,NMSU,NMSU,NMSUACP0010010,,Rhyssomatus pruinosus,,,
identified,1933461252,85378a64-2fbc-4a48-a6b4-9f421ad48f8a,CC0_1_0,1a959d1f-5141-4eaa-9e27-90673b6145f5,PRESERVED_SPECIMEN,,36.703914,-105.595006,United States,US,,,Animalia,Attelabidae,R.E. Warner,NMSU,NMSU,NMSUACP0011541,,Merhynchites bicolor,,,
identified,1933461249,85378a64-2fbc-4a48-a6b4-9f421ad48f8a,CC0_1_0,dfb4ccaf-4664-4b22-bae6-974160cb7d29,PRESERVED_SPECIMEN,,29.999803,-104.240522,United States,US,,,Animalia,Curculionidae,R.E. Warner,NMSU,NMSU,NMSUACP0009965,,Peltophorus polymitus,,,
identified,1933461219,85378a64-2fbc-4a48-a6b4-9f421ad48f8a,CC0_1_0,4bf8d7c2-ebc1-4ea1-9f70-b0f240090f5d,PRESERVED_SPECIMEN,,34.43028,-103.63194,United States,US,,,Animalia,Dryophthoridae,R.E. Warner,NMSU,NMSU,NMSUACP0010034,,Scyphophorus acupunctatus,,,
identified,1933461122,85378a64-2fbc-4a48-a6b4-9f421ad48f8a,CC0_1_0,9873919e-cddc-4f3e-b00d-ec8bb6ade5c1,PRESERVED_SPECIMEN,,34.15528,-103.6525,United States,US,,,Animalia,Curculionidae,R. E. Warner,NMSU,NMSU,NMSUACP0009926,,Pantomorus pallidus,,,
identified,1933461107,85378a64-2fbc-4a48-a6b4-9f421ad48f8a,CC0_1_0,2d518110-f923-4958-8c06-309f41fb8a41,PRESERVED_SPECIMEN,,31.34444,-109.54472,United States,US,,,Animalia,Curculionidae,R. E. Warner,NMSU,NMSU,NMSUACP0009722,,Ericydeus lautus,,,
identified,1933461100,85378a64-2fbc-4a48-a6b4-9f421ad48f8a,CC0_1_0,117e4ee6-b4d7-494b-8d64-3839b928bfb5,PRESERVED_SPECIMEN,,32.31222,-106.77778,United States,US,3/3/60,1960,Animalia,Curculionidae,R. E. Warner,NMSU,NMSU,NMSUACP0009738,J. G. Watts,Ophryastes,,,
identified,1933461088,85378a64-2fbc-4a48-a6b4-9f421ad48f8a,CC0_1_0,ca4cf62e-1c6b-4731-b50f-90779412cb52,PRESERVED_SPECIMEN,,32.31222,-106.77778,United States,US,5/17/60,1960,Animalia,Curculionidae,R. E. Warner,NMSU,NMSU,NMSUACP0009737,J. G. Watts,Ophryastes,,,
identified,1933461085,85378a64-2fbc-4a48-a6b4-9f421ad48f8a,CC0_1_0,2e38eb24-0422-4485-b866-f978a78c0c88,PRESERVED_SPECIMEN,,32.471463,-104.304466,United States,US,5/8/75,1975,Animalia,Curculionidae,R. E. Warner,NMSU,NMSU,NMSUACP0009677,,Dorytomus mucidus,,,
identified,1933461026,85378a64-2fbc-4a48-a6b4-9f421ad48f8a,CC0_1_0,f219ef35-4cb1-413e-9ce5-03ea89fa28dd,PRESERVED_SPECIMEN,,32.471463,-104.304466,United States,US,5/8/75,1975,Animalia,Curculionidae,R. E. Warner,NMSU,NMSU,NMSUACP0009678,,Dorytomus mucidus,,,
identified,1933461016,85378a64-2fbc-4a48-a6b4-9f421ad48f8a,CC0_1_0,31555df9-e954-4212-9667-e25c7b7d905f,PRESERVED_SPECIMEN,,32.471463,-104.304466,United States,US,5/8/75,1975,Animalia,Curculionidae,R. E. Warner,NMSU,NMSU,NMSUACP0009670,,Dorytomus mucidus,,,
identified,1933461012,85378a64-2fbc-4a48-a6b4-9f421ad48f8a,CC0_1_0,d687d761-0fc2-44cd-993d-1557db6e70e1,PRESERVED_SPECIMEN,,32.471463,-104.304466,United States,US,5/8/75,1975,Animalia,Curculionidae,R. E. Warner,NMSU,NMSU,NMSUACP0009672,,Dorytomus mucidus,,,
identified,1933461005,85378a64-2fbc-4a48-a6b4-9f421ad48f8a,CC0_1_0,3d3fa682-231c-41ee-8fd2-fd887f5d733c,PRESERVED_SPECIMEN,,32.471463,-104.304466,United States,US,5/8/75,1975,Animalia,Curculionidae,R. E. Warner,NMSU,NMSU,NMSUACP0009675,,Dorytomus mucidus,,,
identified,1933461001,85378a64-2fbc-4a48-a6b4-9f421ad48f8a,CC0_1_0,aed4876b-cbd7-47c0-8753-b0a4116371e5,PRESERVED_SPECIMEN,,31.34444,-109.54472,United States,US,5/15/20,1920,Animalia,Curculionidae,R.E. Warner,NMSU,NMSU,NMSUACP0009692,,Minyomerus laticeps,,,
identified,1933460985,85378a64-2fbc-4a48-a6b4-9f421ad48f8a,CC0_1_0,4248cb7a-1c74-40b8-876b-8d4247ba22de,PRESERVED_SPECIMEN,,32.471463,-104.304466,United States,US,5/8/75,1975,Animalia,Curculionidae,R. E. Warner,NMSU,NMSU,NMSUACP0009676,,Dorytomus mucidus,,,
identified,1933460967,85378a64-2fbc-4a48-a6b4-9f421ad48f8a,CC0_1_0,c4b7200a-29c7-4bfb-9538-bb9079bb0ce2,PRESERVED_SPECIMEN,,32.31222,-106.77778,United States,US,8/29/59,1959,Animalia,Curculionidae,R. E. Warner,NMSU,NMSU,NMSUACP0009591,J. G. Watts,Geraeus penicilla,,,
identified,1933460966,85378a64-2fbc-4a48-a6b4-9f421ad48f8a,CC0_1_0,82e07f42-d43c-4b70-90da-1aa6bca7db74,PRESERVED_SPECIMEN,,32.471463,-104.304466,United States,US,5/8/75,1975,Animalia,Curculionidae,R. E. Warner,NMSU,NMSU,NMSUACP0009674,,Dorytomus mucidus,,,
identified,1933460959,85378a64-2fbc-4a48-a6b4-9f421ad48f8a,CC0_1_0,db312286-9ae6-4766-9c75-fb5ecd5dd8fa,PRESERVED_SPECIMEN,,,,United States,US,2/16/84,1984,Animalia,Curculionidae,R.E. Warner,NMSU,NMSU,NMSUACP0009627,,Conotrachelus leucophaetus,,,
identified,1933460958,85378a64-2fbc-4a48-a6b4-9f421ad48f8a,CC0_1_0,04d90478-9719-4283-84d9-a890e2774bcf,PRESERVED_SPECIMEN,,32.471463,-104.304466,United States,US,5/8/75,1975,Animalia,Curculionidae,R. E. Warner,NMSU,NMSU,NMSUACP0009671,,Dorytomus mucidus,,,
identified,1933460948,85378a64-2fbc-4a48-a6b4-9f421ad48f8a,CC0_1_0,5159ca79-1855-4d81-ba01-5cdf3b358bf0,PRESERVED_SPECIMEN,1960,32.94389,-103.34806,United States,US,6/20/58,1958,Animalia,Curculionidae,R.E. Warner,NMSU,NMSU,NMSUACP0009605,J. Durkin,Scaphomorphus quadrilineatus,,,
identified,1933460939,85378a64-2fbc-4a48-a6b4-9f421ad48f8a,CC0_1_0,e7528e08-a20e-4d96-8509-1a7ff3779daa,PRESERVED_SPECIMEN,1960,32.31222,-106.77778,United States,US,6/4/59,1959,Animalia,Curculionidae,R.E. Warner,NMSU,NMSU,NMSUACP0009608,J.G. Watts,Cleonis,,,
identified,1933460919,85378a64-2fbc-4a48-a6b4-9f421ad48f8a,CC0_1_0,883506fb-9bb5-408a-a2dd-5682c59757a7,PRESERVED_SPECIMEN,,32.471463,-104.304466,United States,US,5/8/75,1975,Animalia,Curculionidae,R. E. Warner,NMSU,NMSU,NMSUACP0009673,,Dorytomus mucidus,,,
identified,1933460901,85378a64-2fbc-4a48-a6b4-9f421ad48f8a,CC0_1_0,0f0d6a69-9d33-4c81-8f90-cbc87faabe99,PRESERVED_SPECIMEN,1960,32.94389,-103.34806,United States,US,6/20/58,1958,Animalia,Curculionidae,R.E. Warner,NMSU,NMSU,NMSUACP0009606,J. Durkin,Scaphomorphus quadrilineatus,,,
identified,1933460900,85378a64-2fbc-4a48-a6b4-9f421ad48f8a,CC0_1_0,22a34566-760f-40b3-882b-6428edd4b362,PRESERVED_SPECIMEN,,32.471463,-104.304466,United States,US,5/8/75,1975,Animalia,Curculionidae,R. E. Warner,NMSU,NMSU,NMSUACP0009679,,Dorytomus mucidus,,,
identified,1933460891,85378a64-2fbc-4a48-a6b4-9f421ad48f8a,CC0_1_0,298c8482-ce1b-4c1d-99b0-461355c0e309,PRESERVED_SPECIMEN,,31.34444,-109.54472,United States,US,4/15/75,1975,Animalia,Dryophthoridae,R.E. Warner,NMSU,NMSU,NMSUACP0009622,,Sphenophorus phoeniciensis,,,
identified,1933460883,85378a64-2fbc-4a48-a6b4-9f421ad48f8a,CC0_1_0,809a6b66-84dc-4142-ab12-f311330052ae,PRESERVED_SPECIMEN,1960,32.84222,-104.40278,United States,US,6/19/58,1958,Animalia,Curculionidae,R.E. Warner,NMSU,NMSU,NMSUACP0009607,J. Durkin,Scaphomorphus quadrilineatus,,,
identified,1933460766,85378a64-2fbc-4a48-a6b4-9f421ad48f8a,CC0_1_0,ac754aad-4874-4dee-9aab-83bfa18af4df,PRESERVED_SPECIMEN,,29.999803,-104.240522,United States,US,,,Animalia,Curculionidae,R.E. Warner & W.H. And,NMSU,NMSU,NMSUACP0009500,,Anthonomus grandis,,,
identified,1933460607,85378a64-2fbc-4a48-a6b4-9f421ad48f8a,CC0_1_0,936ddf52-e76d-4ac7-92bb-768bfad4138f,PRESERVED_SPECIMEN,1960,35.23778,-106.60611,United States,US,3/31/59,1959,Animalia,Curculionidae,R.E. Warner,NMSU,NMSU,NMSUACP0009288,J. Durkin,Anametis subfusca,,,
identified,1933460525,85378a64-2fbc-4a48-a6b4-9f421ad48f8a,CC0_1_0,7f76d886-bac3-4cb9-9e1b-802b56b1557d,PRESERVED_SPECIMEN,1957,34.40472,-103.20472,United States,US,3/8/57,1957,Animalia,Curculionidae,R.E. Warner,NMSU,NMSU,NMSUACP0009286,P. Crystal,Anametis subfusca,,,
identified,1933460478,85378a64-2fbc-4a48-a6b4-9f421ad48f8a,CC0_1_0,c5a249b2-24e9-4ec0-8b6d-09cd5ebc0965,PRESERVED_SPECIMEN,,34.40472,-103.20472,United States,US,8/10/57,1957,Animalia,Curculionidae,R.E. Warner,NMSU,NMSU,NMSUACP0009287,Eads,Anametis subfusca,,,
identified,1933451497,85378a64-2fbc-4a48-a6b4-9f421ad48f8a,CC0_1_0,4520bbe2-5190-44ff-8fa4-87f0a32e3bc7,PRESERVED_SPECIMEN,,,,Colombia,CO,1969-12-00,1969,Animalia,Curculionidae,R.E. Warner,NMSU,NMSU,NMSUACP0058735,I.Z. dePolania,Premnotrypes vorax,,,
identified,1933403918,85378a64-2fbc-4a48-a6b4-9f421ad48f8a,CC0_1_0,5bbcafa2-a41a-48a9-9dda-d188e614d62d,PRESERVED_SPECIMEN,1956,32.283304,-106.751506,United States,US,3/2/56,1956,Animalia,Dryophthoridae,R. E. Warner,NMSU,NMSU,NMSUACP0011601,J. G. Watts,Sphenophorus phoeniciensis,,,
identified,1933403721,85378a64-2fbc-4a48-a6b4-9f421ad48f8a,CC0_1_0,2e28d0e1-be59-438d-a9f8-c3e116c3d8df,PRESERVED_SPECIMEN,,36.40722,-105.5725,United States,US,7/26/58,1958,Animalia,Curculionidae,R. E. Warner,NMSU,NMSU,NMSUACP0011751,G. L. Nielsen,Smicronyx constrictus,,,
identified,1455671834,750b7bfc-3577-4b26-8aaf-3e4be9f0d639,CC0_1_0,1db40d36-2555-4d42-ae07-c53f2f14a43d,PRESERVED_SPECIMEN,1958,33.072778,-113.015556,United States,US,1/17/60,1960,Animalia,Curculionidae,R.E. Warner,ASU,ASUHIC,ASUHIC0000021,Alex Villa,Anthonomus grandis thurberiae,,,
identified,1455659926,750b7bfc-3577-4b26-8aaf-3e4be9f0d639,CC0_1_0,50b4e674-67a3-4221-a53f-31659ac6bab6,PRESERVED_SPECIMEN,1958,38.96944,-77.17667,United States,US,5/28/58,1958,Animalia,Curculionidae,R.E. Warner,ASU,ASUHIC,ASUHIC0015803,Richard S. Beal,Lechriops oculata,,,
identified,1455659713,750b7bfc-3577-4b26-8aaf-3e4be9f0d639,CC0_1_0,0dbd1467-cb67-4597-837a-3e6723ac8de3,PRESERVED_SPECIMEN,1958,39.03472,-76.90778,United States,US,5/30/58,1958,Animalia,Curculionidae,R.E. Warner,ASU,ASUHIC,ASUHIC0014883,Richard S. Beal,Mecinus pyraster,,,
identified,1455659685,750b7bfc-3577-4b26-8aaf-3e4be9f0d639,CC0_1_0,9578f124-9891-48f5-9cc5-8235344072c8,PRESERVED_SPECIMEN,1958,39.03472,-76.90778,United States,US,5/28/58,1958,Animalia,Curculionidae,R.E. Warner,ASU,ASUHIC,ASUHIC0014882,Richard S. Beal,Mecinus pyraster,,,
identified,1455654456,750b7bfc-3577-4b26-8aaf-3e4be9f0d639,CC0_1_0,c2e34bda-0405-48ea-b7b2-76f893777f20,PRESERVED_SPECIMEN,1958,39.95992,-74.509014,United States,US,7/20/14,1914,Animalia,Curculionidae,R.E. Warner,ASU,ASUHIC,ASUHIC0011974,H.B. Scammell,Acallodes ventricosus,,,
identified,1455654454,750b7bfc-3577-4b26-8aaf-3e4be9f0d639,CC0_1_0,06c67dee-0f12-462e-9fca-b77c8dba7605,PRESERVED_SPECIMEN,1960,38.96944,-77.17667,United States,US,5/28/58,1958,Animalia,Curculionidae,R.E. Warner,ASU,ASUHIC,ASUHIC0011938,Richard S. Beal,Anthonomus,,,
identified,1455654355,750b7bfc-3577-4b26-8aaf-3e4be9f0d639,CC0_1_0,2796c2f4-e407-40ee-800c-1c0ac59047bf,PRESERVED_SPECIMEN,1960,33.37028,-112.58306,United States,US,10/16/59,1959,Animalia,Curculionidae,R.E. Warner,ASU,ASUHIC,ASUHIC0011936,B.F. Youngker,Anthonomus,,,
identified,1455654333,750b7bfc-3577-4b26-8aaf-3e4be9f0d639,CC0_1_0,020f99b0-191d-4a72-8467-375433a8393f,PRESERVED_SPECIMEN,1960,33.072778,-113.015556,United States,US,1/17/60,1960,Animalia,Curculionidae,R.E. Warner,ASU,ASUHIC,ASUHIC0011937,Alex Villa,Anthonomus,,,
identified,1455654314,750b7bfc-3577-4b26-8aaf-3e4be9f0d639,CC0_1_0,206c2aa8-20e4-4360-9042-cb616f279b88,PRESERVED_SPECIMEN,1958,32.94778,-112.71611,United States,US,2/1/60,1960,Animalia,Curculionidae,R.E. Warner,ASU,ASUHIC,ASUHIC0011868,[Collector unknown],Anthonomus grandis thurberiae,,,
identified,1455654309,750b7bfc-3577-4b26-8aaf-3e4be9f0d639,CC0_1_0,4d78337e-7dde-43ec-9109-20386e0a5b9d,PRESERVED_SPECIMEN,1958,29.70278,-98.12417,United States,US,1902-03-00,1902,Animalia,Curculionidae,R.E. Warner,ASU,ASUHIC,ASUHIC0011859,Geo M. Greene,Anthonomus grandis,,,
identified,1455654307,750b7bfc-3577-4b26-8aaf-3e4be9f0d639,CC0_1_0,77f68296-1b2a-4ae1-952b-5f7b75894033,PRESERVED_SPECIMEN,1958,32.94778,-112.71611,United States,US,2/1/60,1960,Animalia,Curculionidae,R.E. Warner,ASU,ASUHIC,ASUHIC0011866,[Collector unknown],Anthonomus grandis thurberiae,,,
identified,1455654304,750b7bfc-3577-4b26-8aaf-3e4be9f0d639,CC0_1_0,173d7411-41b7-4a5e-900d-bf3e2de03585,PRESERVED_SPECIMEN,1958,31.879941,-99.939777,United States,US,,0,Animalia,Curculionidae,R.E. Warner,ASU,ASUHIC,ASUHIC0011860,[Collector unknown],Anthonomus grandis,,,
identified,1455654286,750b7bfc-3577-4b26-8aaf-3e4be9f0d639,CC0_1_0,7ea8fa99-8a5e-4d17-b0f2-6691a4eb8416,PRESERVED_SPECIMEN,1958,32.94778,-112.71611,United States,US,2/1/60,1960,Animalia,Curculionidae,R.E. Warner,ASU,ASUHIC,ASUHIC0011869,[Collector unknown],Anthonomus grandis thurberiae,,,
identified,1455654258,750b7bfc-3577-4b26-8aaf-3e4be9f0d639,CC0_1_0,ddb11915-6715-4c20-8347-a92dea497cd2,PRESERVED_SPECIMEN,1958,32.94778,-112.71611,United States,US,2/1/60,1960,Animalia,Curculionidae,R.E. Warner,ASU,ASUHIC,ASUHIC0011865,[Collector unknown],Anthonomus grandis thurberiae,,,
identified,1455654234,750b7bfc-3577-4b26-8aaf-3e4be9f0d639,CC0_1_0,1798f654-8b56-4633-be20-bbfbb261e0db,PRESERVED_SPECIMEN,1958,31.825794,-110.774191,United States,US,,0,Animalia,Curculionidae,R.E. Warner,ASU,ASUHIC,ASUHIC0011862,[Collector unknown],Anthonomus grandis thurberiae,,,
identified,1455654224,750b7bfc-3577-4b26-8aaf-3e4be9f0d639,CC0_1_0,b66b38da-3907-4eb7-837a-e42d3472b04d,PRESERVED_SPECIMEN,1958,31.825794,-110.774191,United States,US,,0,Animalia,Curculionidae,R.E. Warner,ASU,ASUHIC,ASUHIC0011861,[Collector unknown],Anthonomus grandis thurberiae,,,
identified,1455654211,750b7bfc-3577-4b26-8aaf-3e4be9f0d639,CC0_1_0,312bb5d0-cc1c-4ed9-ae1d-dd50b26a54ab,PRESERVED_SPECIMEN,1958,33.37028,-112.58306,United States,US,5/16/39,1939,Animalia,Curculionidae,R.E. Warner,ASU,ASUHIC,ASUHIC0011863,E.E. Russell,Anthonomus grandis thurberiae,,,
identified,1455654207,750b7bfc-3577-4b26-8aaf-3e4be9f0d639,CC0_1_0,5fb821db-df20-445c-9632-8d37103a433f,PRESERVED_SPECIMEN,1958,33.42139,-96.57694,United States,US,11/20/05,2005,Animalia,Curculionidae,R.E. Warner,ASU,ASUHIC,ASUHIC0011858,W.A. Hooker,Anthonomus grandis,,,
identified,1455654122,750b7bfc-3577-4b26-8aaf-3e4be9f0d639,CC0_1_0,187e08a7-9901-4c7e-b752-404334b12774,PRESERVED_SPECIMEN,1958,32.94778,-112.71611,United States,US,2/1/60,1960,Animalia,Curculionidae,R.E. Warner,ASU,ASUHIC,ASUHIC0011867,[Collector unknown],Anthonomus grandis thurberiae,,,
identified,1455654119,750b7bfc-3577-4b26-8aaf-3e4be9f0d639,CC0_1_0,2bdbd3ba-2207-4b02-907c-302ec46336fb,PRESERVED_SPECIMEN,1958,34.0175,-78.26778,United States,US,9/2/49,1949,Animalia,Curculionidae,R.E. Warner,ASU,ASUHIC,ASUHIC0011857,Mallia,Anthonomus grandis,,,
identified,1455654102,750b7bfc-3577-4b26-8aaf-3e4be9f0d639,CC0_1_0,ecd5ac22-88ff-4d83-848c-6fb81494a6e2,PRESERVED_SPECIMEN,1958,32.94778,-112.71611,United States,US,2/1/60,1960,Animalia,Curculionidae,R.E. Warner,ASU,ASUHIC,ASUHIC0011864,[Collector unknown],Anthonomus grandis thurberiae,,,
identified,1455654083,750b7bfc-3577-4b26-8aaf-3e4be9f0d639,CC0_1_0,b861867f-f8d1-46b2-ab3f-aeb68d2ecba5,PRESERVED_SPECIMEN,1958,39.03472,-76.90778,United States,US,6/9/58,1958,Animalia,Brachyceridae,R.E. Warner,ASU,ASUHIC,ASUHIC0011809,Richard S. Beal,Lissorhoptrus oryzophilus,,,
identified,1455651459,750b7bfc-3577-4b26-8aaf-3e4be9f0d639,CC0_1_0,af7bc84c-21df-4262-a1e3-686bf31ecc98,PRESERVED_SPECIMEN,1958,36.74083,-104.61778,United States,US,8/25/14,1914,Animalia,Dryophthoridae,R.E. Warner,ASU,ASUHIC,ASUHIC0008590,D.J. Caffrey,Sphenophorus compressirostris,,,
identified,1455651427,750b7bfc-3577-4b26-8aaf-3e4be9f0d639,CC0_1_0,6425ab45-2084-46ce-8c24-4a5ea99d5fff,PRESERVED_SPECIMEN,1958,36.74083,-104.61778,United States,US,7/16/14,1914,Animalia,Dryophthoridae,R.E. Warner,ASU,ASUHIC,ASUHIC0008589,D.J. Caffrey,Sphenophorus compressirostris,,,
identified,1455631010,750b7bfc-3577-4b26-8aaf-3e4be9f0d639,CC0_1_0,594a832c-dee6-463d-bcbb-79f34114cc6f,PRESERVED_SPECIMEN,1958,39.03472,-76.90778,United States,US,5/30/58,1958,Animalia,Anthribidae,R.E. Warner,ASU,ASUHIC,ASUHIC0070917,Richard S. Beal,Trigonorhinus tomentosus,,,
identified,1455611300,750b7bfc-3577-4b26-8aaf-3e4be9f0d639,CC0_1_0,633ae96f-2c00-4b93-a7bc-afd1dfcb9a99,PRESERVED_SPECIMEN,1958,31.96389,-111.59917,United States,US,10/3/76,1976,Animalia,Curculionidae,R.E. Warner,ASU,ASUHIC,ASUHIC0038240,A.E. Lewis,Ericydeus lautus,,,
identified,1455611275,750b7bfc-3577-4b26-8aaf-3e4be9f0d639,CC0_1_0,424fc683-90b5-4cac-8f84-1ef0eed733a3,PRESERVED_SPECIMEN,1958,31.761246,-110.844812,United States,US,8/16/70,1970,Animalia,Curculionidae,R.E. Warner,ASU,ASUHIC,ASUHIC0038235,Martin A. Kolner; Sandy L. Szerlip,Ericydeus lautus,,,
identified,1455611211,750b7bfc-3577-4b26-8aaf-3e4be9f0d639,CC0_1_0,e235d3f3-0e1b-4c91-a1cf-2f6dd23c66c4,PRESERVED_SPECIMEN,1958,31.410476,-111.112067,United States,US,9/4/03,2003,Animalia,Curculionidae,R.E. Warner,ASU,ASUHIC,ASUHIC0038234,Charles W. O'Brien; Lois B. O'Brien,Ericydeus lautus,,,
identified,1455611203,750b7bfc-3577-4b26-8aaf-3e4be9f0d639,CC0_1_0,fbb943f2-01cd-45b9-b984-b89d69c327ce,PRESERVED_SPECIMEN,1958,31.885349,-109.175067,United States,US,8/31/74,1974,Animalia,Curculionidae,R.E. Warner,ASU,ASUHIC,ASUHIC0038229,Alana Rockwood,Ericydeus lautus,,,
identified,1455611202,750b7bfc-3577-4b26-8aaf-3e4be9f0d639,CC0_1_0,2cc9c15e-c0ef-4395-a3a5-e8b21d2e8f79,PRESERVED_SPECIMEN,1958,29.179561,-102.961048,United States,US,6/16/74,1974,Animalia,Curculionidae,R.E. Warner,ASU,ASUHIC,ASUHIC0038246,"Linda C. Draper; Oscar Francke, Mont A. Cazier",Ericydeus lautus,,,
identified,1455611201,750b7bfc-3577-4b26-8aaf-3e4be9f0d639,CC0_1_0,25ae122c-0fec-44e6-9f0d-feefc1b93218,PRESERVED_SPECIMEN,1958,31.9341,-109.117,United States,US,8/5/67,1967,Animalia,Curculionidae,R.E. Warner,ASU,ASUHIC,ASUHIC0038224,"J.H. Davidson; J.M. Davidson, M.A. Cazier",Ericydeus lautus,,,
identified,1455611180,750b7bfc-3577-4b26-8aaf-3e4be9f0d639,CC0_1_0,4492ac77-8c60-4980-aeb9-a637ddc123ee,PRESERVED_SPECIMEN,1958,31.889692,-109.168546,United States,US,8/13/52,1952,Animalia,Curculionidae,R.E. Warner,ASU,ASUHIC,ASUHIC0038226,Leech; Green,Ericydeus lautus,,,
identified,1455611129,750b7bfc-3577-4b26-8aaf-3e4be9f0d639,CC0_1_0,d2cc7cc7-6de7-490e-83c3-50a91f744e68,PRESERVED_SPECIMEN,1958,32.414594,-111.340803,United States,US,11/4/72,1972,Animalia,Curculionidae,R.E. Warner,ASU,ASUHIC,ASUHIC0038239,Donna Kolner; Martin A. Kolner,Ericydeus lautus,,,
identified,1455611121,750b7bfc-3577-4b26-8aaf-3e4be9f0d639,CC0_1_0,630d1d27-704a-48b4-bd96-4447f084ef24,PRESERVED_SPECIMEN,1958,31.392361,-111.099816,United States,US,8/6/72,1972,Animalia,Curculionidae,R.E. Warner,ASU,ASUHIC,ASUHIC0038233,"Martin A. Kolner; H.R. Rush, Sandy L. Szerlip",Ericydeus lautus,,,
identified,1455611117,750b7bfc-3577-4b26-8aaf-3e4be9f0d639,CC0_1_0,8f050117-c5fa-4363-ae8d-51c55e978a76,PRESERVED_SPECIMEN,1958,31.600675,-109.244287,United States,US,9/1/65,1965,Animalia,Curculionidae,R.E. Warner,ASU,ASUHIC,ASUHIC0038242,"J.H. Davidson; J.M. Davidson, M.A. Cazier",Ericydeus lautus,,,
identified,1455611115,750b7bfc-3577-4b26-8aaf-3e4be9f0d639,CC0_1_0,1e036871-9d83-489e-af26-b124bf31b8dc,PRESERVED_SPECIMEN,1958,31.85222,-110.97417,United States,US,8/22/67,1967,Animalia,Curculionidae,R.E. Warner,ASU,ASUHIC,ASUHIC0000089,Larry Bricker,Ericydeus lautus,,,
identified,1455611104,750b7bfc-3577-4b26-8aaf-3e4be9f0d639,CC0_1_0,dcd0e205-3321-4a82-9b1f-802c1ec140f5,PRESERVED_SPECIMEN,1958,31.913995,-109.123643,United States,US,8/5/67,1967,Animalia,Curculionidae,R.E. Warner,ASU,ASUHIC,ASUHIC0038222,"J.H. Davidson; J.M. Davidson, M.A. Cazier",Ericydeus lautus,,,
identified,1455611099,750b7bfc-3577-4b26-8aaf-3e4be9f0d639,CC0_1_0,f89fdb03-3923-42cd-ab80-96d29462de72,PRESERVED_SPECIMEN,1958,31.913995,-109.123643,United States,US,8/22/67,1967,Animalia,Curculionidae,R.E. Warner,ASU,ASUHIC,ASUHIC0038220,"J.H. Davidson; J.M. Davidson, M.A. Cazier",Ericydeus lautus,,,
identified,1455611097,750b7bfc-3577-4b26-8aaf-3e4be9f0d639,CC0_1_0,c270cb08-d3aa-4b17-9cd2-e9bcd179be82,PRESERVED_SPECIMEN,1958,31.416917,-108.929725,United States,US,8/22/63,1963,Animalia,Curculionidae,R.E. Warner,ASU,ASUHIC,ASUHIC0038245,Robert D. Ohmart,Ericydeus lautus,,,
identified,1455611092,750b7bfc-3577-4b26-8aaf-3e4be9f0d639,CC0_1_0,8035e8d1-d2de-4df1-8950-b7e143b1eb78,PRESERVED_SPECIMEN,1958,31.885349,-109.175067,United States,US,8/31/74,1974,Animalia,Curculionidae,R.E. Warner,ASU,ASUHIC,ASUHIC0038227,Alana Rockwood,Ericydeus lautus,,,
identified,1455611088,750b7bfc-3577-4b26-8aaf-3e4be9f0d639,CC0_1_0,d4506661-b61b-4308-a267-b28c4b90aada,PRESERVED_SPECIMEN,1958,32.33749,-110.691998,United States,US,8/21/73,1973,Animalia,Curculionidae,R.E. Warner,ASU,ASUHIC,ASUHIC0038238,Rosser Garrison; Martin A. Kolner,Ericydeus lautus,,,
identified,1455611075,750b7bfc-3577-4b26-8aaf-3e4be9f0d639,CC0_1_0,e159b0e7-2786-4979-bf78-218e10b8d402,PRESERVED_SPECIMEN,1958,31.383216,-111.095188,United States,US,8/12/72,1972,Animalia,Curculionidae,R.E. Warner,ASU,ASUHIC,ASUHIC0038232,Martin A. Kolner; Donna Kolner,Ericydeus lautus,,,
identified,1455611074,750b7bfc-3577-4b26-8aaf-3e4be9f0d639,CC0_1_0,eaeab08a-704b-4809-8776-b5409f6c8800,PRESERVED_SPECIMEN,1958,31.383216,-111.095188,United States,US,8/12/72,1972,Animalia,Curculionidae,R.E. Warner,ASU,ASUHIC,ASUHIC0038231,Donna Kolner; Martin A. Kolner,Ericydeus lautus,,,
identified,1455611066,750b7bfc-3577-4b26-8aaf-3e4be9f0d639,CC0_1_0,158a1203-7e9b-4c75-9d38-139eeed92fe2,PRESERVED_SPECIMEN,1958,31.913995,-109.123643,United States,US,8/5/67,1967,Animalia,Curculionidae,R.E. Warner,ASU,ASUHIC,ASUHIC0038223,"J.H. Davidson; J.M. Davidson, M.A. Cazier",Ericydeus lautus,,,
identified,1455611059,750b7bfc-3577-4b26-8aaf-3e4be9f0d639,CC0_1_0,4ed74157-c7d4-4130-9a83-ba54c3f87bff,PRESERVED_SPECIMEN,1958,31.606533,-108.775533,United States,US,9/23/72,1972,Animalia,Curculionidae,R.E. Warner,ASU,ASUHIC,ASUHIC0038244,Ron S. Wielgus,Ericydeus lautus,,,
identified,1455611055,750b7bfc-3577-4b26-8aaf-3e4be9f0d639,CC0_1_0,511701c5-50a6-4367-8120-54c35c9c5b43,PRESERVED_SPECIMEN,1958,31.780374,-110.850379,United States,US,8/5/72,1972,Animalia,Curculionidae,R.E. Warner,ASU,ASUHIC,ASUHIC0038237,"Martin A. Kolner; H.R. Rush, Sandy L. Szerlip",Ericydeus lautus,,,
identified,1455611050,750b7bfc-3577-4b26-8aaf-3e4be9f0d639,CC0_1_0,18b4b28c-eaad-45c9-88c9-033df18ee878,PRESERVED_SPECIMEN,1958,33.86417,-111.46694,United States,US,8/14/92,1992,Animalia,Curculionidae,R.E. Warner,ASU,ASUHIC,ASUHIC0038243,William B. Warner,Ericydeus lautus,,,
identified,1455611047,750b7bfc-3577-4b26-8aaf-3e4be9f0d639,CC0_1_0,ab1c910d-3fc8-48e4-8550-b154eded79b0,PRESERVED_SPECIMEN,1958,31.9136,-109.107,United States,US,8/10/66,1966,Animalia,Curculionidae,R.E. Warner,ASU,ASUHIC,ASUHIC0038225,Mont A. Cazier,Ericydeus lautus,,,
identified,1455611032,750b7bfc-3577-4b26-8aaf-3e4be9f0d639,CC0_1_0,06be34b4-ea06-414a-8f3f-12f37b921838,PRESERVED_SPECIMEN,1958,31.765846,-109.080322,United States,US,6/28/65,1965,Animalia,Curculionidae,R.E. Warner,ASU,ASUHIC,ASUHIC0038241,"J.H. Davidson; J.M. Davidson, M.A. Cazier",Ericydeus lautus,,,
identified,1455611025,750b7bfc-3577-4b26-8aaf-3e4be9f0d639,CC0_1_0,8a7715ba-3ada-4185-8b82-ce3bcf5b643b,PRESERVED_SPECIMEN,1958,31.885349,-109.175067,United States,US,8/31/74,1974,Animalia,Curculionidae,R.E. Warner,ASU,ASUHIC,ASUHIC0038230,Alana Rockwood,Ericydeus lautus,,,
identified,1455611022,750b7bfc-3577-4b26-8aaf-3e4be9f0d639,CC0_1_0,36df706f-994b-440c-b74d-6811afc98690,PRESERVED_SPECIMEN,1958,31.75965,-110.841251,United States,US,8/23/71,1971,Animalia,Curculionidae,R.E. Warner,ASU,ASUHIC,ASUHIC0038236,Martin A. Kolner,Ericydeus lautus,,,
identified,1455611009,750b7bfc-3577-4b26-8aaf-3e4be9f0d639,CC0_1_0,1ddc621c-f6a6-4696-9bad-9c42328d0aef,PRESERVED_SPECIMEN,1958,31.885349,-109.175067,United States,US,8/31/74,1974,Animalia,Curculionidae,R.E. Warner,ASU,ASUHIC,ASUHIC0038228,Alana Rockwood,Ericydeus lautus,,,
identified,1455610948,750b7bfc-3577-4b26-8aaf-3e4be9f0d639,CC0_1_0,e6eba202-b0e5-41d9-8346-c4489ab83392,PRESERVED_SPECIMEN,1958,31.913995,-109.123643,United States,US,8/22/67,1967,Animalia,Curculionidae,R.E. Warner,ASU,ASUHIC,ASUHIC0038221,"J.H. Davidson; J.M. Davidson, M.A. Cazier",Ericydeus lautus,,,
identified,1455610787,750b7bfc-3577-4b26-8aaf-3e4be9f0d639,CC0_1_0,9884f7c3-cd39-46f4-ab30-45f1a7e7e4c0,PRESERVED_SPECIMEN,1958,31.91361,-109.14083,United States,US,8/23/64,1964,Animalia,Curculionidae,R.E. Warner,ASU,ASUHIC,ASUHIC0038212,"Jean H. Puckle; M.A. Mortenson, Mont A. Cazier",Ericydeus lautus,,,
identified,1455610715,750b7bfc-3577-4b26-8aaf-3e4be9f0d639,CC0_1_0,d830d3ba-7db0-452d-8e7b-3cc4833d6137,PRESERVED_SPECIMEN,1958,31.403163,-110.952205,United States,US,8/11/71,1971,Animalia,Curculionidae,R.E. Warner,ASU,ASUHIC,ASUHIC0038202,R.L. Jacques,Ericydeus lautus,,,
identified,1455610704,750b7bfc-3577-4b26-8aaf-3e4be9f0d639,CC0_1_0,e039c2f8-b907-4197-b9fc-2832f65ffd21,PRESERVED_SPECIMEN,1958,31.91361,-109.14083,United States,US,8/23/64,1964,Animalia,Curculionidae,R.E. Warner,ASU,ASUHIC,ASUHIC0038215,"Jean H. Puckle; M.A. Mortenson, Mont A. Cazier",Ericydeus lautus,,,
identified,1455610667,750b7bfc-3577-4b26-8aaf-3e4be9f0d639,CC0_1_0,913c78ec-0ee7-43f9-8c7a-532fdccc1446,PRESERVED_SPECIMEN,1958,35.225,-112.48333,United States,US,,0,Animalia,Curculionidae,R.E. Warner,ASU,ASUHIC,ASUHIC0038211,V.L. Wildermuth,Ericydeus lautus,,,
identified,1455610651,750b7bfc-3577-4b26-8aaf-3e4be9f0d639,CC0_1_0,e9fa7550-d490-44ed-a805-db73983bc637,PRESERVED_SPECIMEN,1958,31.91361,-109.14083,United States,US,8/23/64,1964,Animalia,Curculionidae,R.E. Warner,ASU,ASUHIC,ASUHIC0038217,"Jean H. Puckle; M.A. Mortenson, Mont A. Cazier",Ericydeus lautus,,,
identified,1455610645,750b7bfc-3577-4b26-8aaf-3e4be9f0d639,CC0_1_0,12e132d9-16d4-4881-935c-0ca5a00ed34a,PRESERVED_SPECIMEN,1958,32.24528,-110.68444,United States,US,8/21/56,1956,Animalia,Curculionidae,R.E. Warner,ASU,ASUHIC,ASUHIC0038192,Richard S. Beal,Ericydeus lautus,,,
identified,1455610639,750b7bfc-3577-4b26-8aaf-3e4be9f0d639,CC0_1_0,f5918557-dfb9-43ba-928a-93f4f9adce20,PRESERVED_SPECIMEN,1958,31.403163,-110.952205,United States,US,8/11/71,1971,Animalia,Curculionidae,R.E. Warner,ASU,ASUHIC,ASUHIC0038201,R.L. Jacques,Ericydeus lautus,,,
identified,1455610638,750b7bfc-3577-4b26-8aaf-3e4be9f0d639,CC0_1_0,952977fa-a0cf-466b-92bd-15bd4207ecc2,PRESERVED_SPECIMEN,1958,32.24528,-110.68444,United States,US,8/21/56,1956,Animalia,Curculionidae,R.E. Warner,ASU,ASUHIC,ASUHIC0038193,Richard S. Beal,Ericydeus lautus,,,
identified,1455610632,750b7bfc-3577-4b26-8aaf-3e4be9f0d639,CC0_1_0,9467e2e0-ef02-4aba-88b6-1be3912926e7,PRESERVED_SPECIMEN,1958,33.414108,-110.433856,United States,US,9/16/67,1967,Animalia,Curculionidae,R.E. Warner,ASU,ASUHIC,ASUHIC0038195,Stanley A. Gorodenski; Mont A. Cazier,Ericydeus lautus,,,
identified,1455610629,750b7bfc-3577-4b26-8aaf-3e4be9f0d639,CC0_1_0,91246c24-b4c4-44d5-b1e8-e6be21c6d2c2,PRESERVED_SPECIMEN,1958,32.5916667,-109.8494444,United States,US,7/18/70,1970,Animalia,Curculionidae,R.E. Warner,ASU,ASUHIC,ASUHIC0038199,"Linda C. Draper; J. Bigelow, Oscar Francke, Mont A. Cazier",Ericydeus lautus,,,
identified,1455610624,750b7bfc-3577-4b26-8aaf-3e4be9f0d639,CC0_1_0,013bc230-c471-4c26-87e7-a6c60c82bd72,PRESERVED_SPECIMEN,1958,31.91361,-109.14083,United States,US,8/23/64,1964,Animalia,Curculionidae,R.E. Warner,ASU,ASUHIC,ASUHIC0038218,"Jean H. Puckle; M.A. Mortenson, Mont A. Cazier",Ericydeus lautus,,,
identified,1455610622,750b7bfc-3577-4b26-8aaf-3e4be9f0d639,CC0_1_0,e115d1b6-11a5-407d-a819-4f025e760d96,PRESERVED_SPECIMEN,1958,33.414108,-110.433856,United States,US,9/16/67,1967,Animalia,Curculionidae,R.E. Warner,ASU,ASUHIC,ASUHIC0038197,Stanley A. Gorodenski; Mont A. Cazier,Ericydeus lautus,,,
identified,1455610617,750b7bfc-3577-4b26-8aaf-3e4be9f0d639,CC0_1_0,122e7e6b-bf75-48e1-af8b-e60e57142708,PRESERVED_SPECIMEN,1958,31.91361,-109.14083,United States,US,8/23/64,1964,Animalia,Curculionidae,R.E. Warner,ASU,ASUHIC,ASUHIC0038213,"Jean H. Puckle; M.A. Mortenson, Mont A. Cazier",Ericydeus lautus,,,
identified,1455610598,750b7bfc-3577-4b26-8aaf-3e4be9f0d639,CC0_1_0,78e3cb73-15ca-4612-abd2-d404a981641e,PRESERVED_SPECIMEN,1958,32.853618,-109.187166,United States,US,8/20/59,1959,Animalia,Curculionidae,R.E. Warner,ASU,ASUHIC,ASUHIC0038207,Richard S. Beal,Ericydeus lautus,,,
identified,1455610596,750b7bfc-3577-4b26-8aaf-3e4be9f0d639,CC0_1_0,928aa5bd-b64e-488c-99f4-9fe1c1f195a5,PRESERVED_SPECIMEN,1958,32.853618,-109.187166,United States,US,8/20/59,1959,Animalia,Curculionidae,R.E. Warner,ASU,ASUHIC,ASUHIC0038206,Richard S. Beal,Ericydeus lautus,,,
identified,1455610584,750b7bfc-3577-4b26-8aaf-3e4be9f0d639,CC0_1_0,94ac89e3-ce72-45a0-807c-d33eda704091,PRESERVED_SPECIMEN,1958,31.91361,-109.14083,United States,US,8/23/64,1964,Animalia,Curculionidae,R.E. Warner,ASU,ASUHIC,ASUHIC0038214,"Jean H. Puckle; M.A. Mortenson, Mont A. Cazier",Ericydeus lautus,,,
identified,1455610582,750b7bfc-3577-4b26-8aaf-3e4be9f0d639,CC0_1_0,75f1ff40-018c-4512-86c8-f3b3ee1d267c,PRESERVED_SPECIMEN,1958,32.5916667,-109.8494444,United States,US,7/18/70,1970,Animalia,Curculionidae,R.E. Warner,ASU,ASUHIC,ASUHIC0038200,"Linda C. Draper; J. Bigelow, Oscar Francke, Mont A. Cazier",Ericydeus lautus,,,
identified,1455610574,750b7bfc-3577-4b26-8aaf-3e4be9f0d639,CC0_1_0,1c0109b1-9c68-4c65-9f1f-800d54ce9e8a,PRESERVED_SPECIMEN,1958,32.5916667,-109.8494444,United States,US,7/18/70,1970,Animalia,Curculionidae,R.E. Warner,ASU,ASUHIC,ASUHIC0038198,"Linda C. Draper; J. Bigelow, Oscar Francke, Mont A. Cazier",Ericydeus lautus,,,
identified,1455610573,750b7bfc-3577-4b26-8aaf-3e4be9f0d639,CC0_1_0,73c45154-fa1e-46d0-9c9f-d994b2c0ec2f,PRESERVED_SPECIMEN,1958,31.403163,-110.952205,United States,US,8/20/71,1971,Animalia,Curculionidae,R.E. Warner,ASU,ASUHIC,ASUHIC0038203,R.L. Jacques,Ericydeus lautus,,,
identified,1455610568,750b7bfc-3577-4b26-8aaf-3e4be9f0d639,CC0_1_0,eed9b977-5ea6-4beb-bca3-42021ccc0b75,PRESERVED_SPECIMEN,1958,32.853618,-109.187166,United States,US,8/20/59,1959,Animalia,Curculionidae,R.E. Warner,ASU,ASUHIC,ASUHIC0038208,Richard S. Beal,Ericydeus lautus,,,
identified,1455610558,750b7bfc-3577-4b26-8aaf-3e4be9f0d639,CC0_1_0,6eee1940-cc5f-483b-964e-b18595344f1d,PRESERVED_SPECIMEN,1958,31.91361,-109.14083,United States,US,7/25/64,1964,Animalia,Curculionidae,R.E. Warner,ASU,ASUHIC,ASUHIC0038219,"Jean H. Puckle; M.A. Mortenson, Mont A. Cazier",Ericydeus lautus,,,
identified,1455610543,750b7bfc-3577-4b26-8aaf-3e4be9f0d639,CC0_1_0,96dd23e1-ac09-4c3e-80c0-472582c8fa81,PRESERVED_SPECIMEN,1958,31.403163,-110.952205,United States,US,8/24/71,1971,Animalia,Curculionidae,R.E. Warner,ASU,ASUHIC,ASUHIC0038204,R.L. Jacques,Ericydeus lautus,,,
identified,1455610542,750b7bfc-3577-4b26-8aaf-3e4be9f0d639,CC0_1_0,957bac93-d468-43e9-8904-6f9378c8fe09,PRESERVED_SPECIMEN,1958,32.853618,-109.187166,United States,US,8/20/59,1959,Animalia,Curculionidae,R.E. Warner,ASU,ASUHIC,ASUHIC0038209,Richard S. Beal,Ericydeus lautus,,,
identified,1455610534,750b7bfc-3577-4b26-8aaf-3e4be9f0d639,CC0_1_0,2af51d9c-28c6-46c4-8312-8fc57ca88ee2,PRESERVED_SPECIMEN,1958,32.853618,-109.187166,United States,US,8/20/59,1959,Animalia,Curculionidae,R.E. Warner,ASU,ASUHIC,ASUHIC0038205,Richard S. Beal,Ericydeus lautus,,,
identified,1455610532,750b7bfc-3577-4b26-8aaf-3e4be9f0d639,CC0_1_0,777eb90b-dc0b-44f6-8927-5fbb714f2b29,PRESERVED_SPECIMEN,1958,33.414108,-110.433856,United States,US,9/16/67,1967,Animalia,Curculionidae,R.E. Warner,ASU,ASUHIC,ASUHIC0038194,Stanley A. Gorodenski; Mont A. Cazier,Ericydeus lautus,,,
identified,1455610514,750b7bfc-3577-4b26-8aaf-3e4be9f0d639,CC0_1_0,da93693b-43ac-44d6-8951-fedd0876b1fc,PRESERVED_SPECIMEN,1958,31.91361,-109.14083,United States,US,8/23/64,1964,Animalia,Curculionidae,R.E. Warner,ASU,ASUHIC,ASUHIC0038216,"Jean H. Puckle; M.A. Mortenson, Mont A. Cazier",Ericydeus lautus,,,
identified,1455610506,750b7bfc-3577-4b26-8aaf-3e4be9f0d639,CC0_1_0,a67f1619-d79c-4160-bcad-f2fd2ecec0ab,PRESERVED_SPECIMEN,1958,33.414108,-110.433856,United States,US,9/16/67,1967,Animalia,Curculionidae,R.E. Warner,ASU,ASUHIC,ASUHIC0038196,Stanley A. Gorodenski; Mont A. Cazier,Ericydeus lautus,,,
identified,1455610489,750b7bfc-3577-4b26-8aaf-3e4be9f0d639,CC0_1_0,795b9eeb-3995-4f4d-b4bd-1d5e1bddc922,PRESERVED_SPECIMEN,1958,35.225,-112.48333,United States,US,,0,Animalia,Curculionidae,R.E. Warner,ASU,ASUHIC,ASUHIC0038210,V.L. Wildermuth,Ericydeus lautus,,,
identified,1292069380,8a6232d7-f93e-45a3-8b16-556aa732cd39,CC0_1_0,6d14994e-5063-4b68-86a1-537d86123ca1,PRESERVED_SPECIMEN,1971,36.054427,-112.139336,United States,US,6/13/70,1970,Animalia,Curculionidae,"R.E. Warner, CPMAB",NAUF,CPMAB,NAUF4A0014345,T.D. Center,Tychius,,,
identified,1292069282,8a6232d7-f93e-45a3-8b16-556aa732cd39,CC0_1_0,5a077d12-817c-4516-a712-05879f50df0c,PRESERVED_SPECIMEN,1971,36.054427,-112.139336,United States,US,6/13/70,1970,Animalia,Curculionidae,R.E. Warner,NAUF,CPMAB,NAUF4A0014344,T.D. Center,Tychius,,,
identified,872962778,84ab7b76-f762-11e1-a439-00145eb45e9a,CC_BY_4_0,urn:lsid:biosci.ohio-state.edu:osuc_occurrences:OSUC__486219,PRESERVED_SPECIMEN,1963,0,0,,,,,Animalia,Curculionidae,"Warner, R. E. (Rose Ella)","C.A. Triplehorn Insect Collection, Ohio State University, Columbus, OH (OSUC)",Insects,OSUC 486219,,Cleonus,,,
identified,1146119433,8044ee43-c5fe-44da-ad96-cc1a9cfb91ba,CC_BY_4_0,http://arctos.database.museum/guid/UAM:Ento:79223?seid=1433772,PRESERVED_SPECIMEN,1955,61.56603,-149.25049,United States,US,6/14/55,1955,Animalia,Curculionidae,R. Warner,UAM,Ento,UAM:Ento:79223,Collector(s): unknown,Lepyrus gemellus,"voucher of <a href=""http://arctos.database.museum/name/Lepyrus gemellus"">Lepyrus gemellus</a> in <a href=""http://arctos.database.museum/publication/10006537"">Bousquet et al. (2013)</a>",,
identified,1933477726,85378a64-2fbc-4a48-a6b4-9f421ad48f8a,CC0_1_0,f049644b-37d8-46ad-8da7-8ff054639572,PRESERVED_SPECIMEN,,-11.828611,-77.016389,Peru,PE,,,Animalia,Curculionidae,R.E. Warner,NMSU,NMSU,NMSUACP0009742,R.E. Warner,Eutinobothrus gossypii,,,
recorded,1933477726,85378a64-2fbc-4a48-a6b4-9f421ad48f8a,CC0_1_0,f049644b-37d8-46ad-8da7-8ff054639572,PRESERVED_SPECIMEN,,-11.828611,-77.016389,Peru,PE,,,Animalia,Curculionidae,R.E. Warner,NMSU,NMSU,NMSUACP0009742,R.E. Warner,Eutinobothrus gossypii,,,